[{"code":"100","string":"100 Continue"},{"code":"101","string":"101 Switching Protocols"},{"code":"102","string":"102 Processing (WebDAV; RFC 2518)"},{"code":"200","string":"200 OK"},{"code":"201","string":"201 Created"},{"code":"202","string":"202 Accepted"},{"code":"203","string":"203 Non-Authoritative Information (since HTTP/1.1)"},{"code":"204","string":"204 No Content"},{"code":"205","string":"205 Reset Content"},{"code":"206","string":"206 Partial Content"},{"code":"207","string":"207 Multi-Status (WebDAV; RFC 4918)"},{"code":"208","string":"208 Already Reported (WebDAV; RFC 5842)"},{"code":"226","string":"226 IM Used (RFC 3229)"},{"code":"300","string":"300 Multiple Choices"},{"code":"301","string":"301 Moved Permanently"},{"code":"302","string":"302 Found"},{"code":"303","string":"303 See Other (since HTTP/1.1)"},{"code":"304","string":"304 Not Modified"},{"code":"305","string":"305 Use Proxy (since HTTP/1.1)"},{"code":"306","string":"306 Switch Proxy"},{"code":"307","string":"307 Temporary Redirect (since HTTP/1.1)"},{"code":"308","string":"308 Permanent Redirect (Experimental RFC; RFC 7238)"},{"code":"400","string":"400 Bad Request"},{"code":"401","string":"401 Unauthorized"},{"code":"402","string":"402 Payment Required"},{"code":"403","string":"403 Forbidden"},{"code":"404","string":"404 Not Found"},{"code":"405","string":"405 Method Not Allowed"},{"code":"406","string":"406 Not Acceptable"},{"code":"407","string":"407 Proxy Authentication Required"},{"code":"408","string":"408 Request Timeout"},{"code":"409","string":"409 Conflict"},{"code":"410","string":"410 Gone"},{"code":"411","string":"411 Length Required"},{"code":"412","string":"412 Precondition Failed"},{"code":"413","string":"413 Request Entity Too Large"},{"code":"414","string":"414 Request-URI Too Long"},{"code":"415","string":"415 Unsupported Media Type"},{"code":"416","string":"416 Requested Range Not Satisfiable"},{"code":"417","string":"417 Expectation Failed"},{"code":"418","string":"418 I'm a teapot (RFC 2324)"},{"code":"419","string":"419 Authentication Timeout (not in RFC 2616)"},{"code":"420","string":"420 Method Failure (Spring Framework)"},{"code":"420","string":"420 Enhance Your Calm (Twitter)"},{"code":"422","string":"422 Unprocessable Entity (WebDAV; RFC 4918)"},{"code":"423","string":"423 Locked (WebDAV; RFC 4918)"},{"code":"424","string":"424 Failed Dependency (WebDAV; RFC 4918)"},{"code":"426","string":"426 Upgrade Required"},{"code":"428","string":"428 Precondition Required (RFC 6585)"},{"code":"429","string":"429 Too Many Requests (RFC 6585)"},{"code":"431","string":"431 Request Header Fields Too Large (RFC 6585)"},{"code":"440","string":"440 Login Timeout (Microsoft)"},{"code":"444","string":"444 No Response (Nginx)"},{"code":"449","string":"449 Retry With (Microsoft)"},{"code":"450","string":"450 Blocked by Windows Parental Controls (Microsoft)"},{"code":"451","string":"451 Unavailable For Legal Reasons (Internet draft)"},{"code":"451-MS","string":"451 Redirect (Microsoft)"},{"code":"494","string":"494 Request Header Too Large (Nginx)"},{"code":"495","string":"495 Cert Error (Nginx)"},{"code":"496","string":"496 No Cert (Nginx)"},{"code":"497","string":"497 HTTP to HTTPS (Nginx)"},{"code":"498","string":"498 Token expired/invalid (Esri)"},{"code":"499","string":"499 Client Closed Request (Nginx)"},{"code":"499","string":"499 Token required (Esri)"},{"code":"500","string":"500 Internal Server Error"},{"code":"501","string":"501 Not Implemented"},{"code":"502","string":"502 Bad Gateway"},{"code":"503","string":"503 Service Unavailable"},{"code":"504","string":"504 Gateway Timeout"},{"code":"505","string":"505 HTTP Version Not Supported"},{"code":"506","string":"506 Variant Also Negotiates (RFC 2295)"},{"code":"507","string":"507 Insufficient Storage (WebDAV; RFC 4918)"},{"code":"508","string":"508 Loop Detected (WebDAV; RFC 5842)"},{"code":"509","string":"509 Bandwidth Limit Exceeded (Apache bw/limited extension)[26]"},{"code":"510","string":"510 Not Extended (RFC 2774)"},{"code":"511","string":"511 Network Authentication Required (RFC 6585)"},{"code":"520","string":"520 Origin Error (CloudFlare)"},{"code":"521","string":"521 Web server is down (CloudFlare)"},{"code":"522","string":"522 Connection timed out (CloudFlare)"},{"code":"523","string":"523 Proxy Declined Request (CloudFlare)"},{"code":"524","string":"524 A timeout occurred (CloudFlare)"},{"code":"598","string":"598 Network read timeout error (Unknown)"},{"code":"599","string":"599 Network connect timeout error (Unknown)"}]