[
  {
    "version": "3.13.16",
    "type": "error",
    "message": "We recommend <strong><a href=\"/help/change-your-password\">changing your password</a></strong> in light of the Heartbleed vulnerability. <strong><a href=\"/blog/heartbleed\">Read more about it on our blog</a></strong>"
  },
  {
    "version": "3.17.19",
    "type": "error",
    "feature": "pro",
    "message": "If you're using Dropbox backup please <a href=\"/auth/dropbox\">relink your account</a> as we've released some fixes."
  },
  {
    "version": "3.33.1",
    "type": "notification",
    "message": "HTTPS is now freely available to all users, if you have an account, you can make HTTPS your <a href=\"/account/preferences\">your default preference</a> on jsbin.com"
  }
]
